Target Domain,Predicted Readiness,Actual Accuracy,Baseline Prediction,Prediction Error
rotated,0.4488784279269875,0.5509000000000001,0.4488666666666667,0.10202157207301255
