{
  "timestamp": "2026-01-05T19:01:09.781213",
  "config": {
    "num_seeds": 5,
    "model_dim": 16,
    "num_heads": 4,
    "few_shot_steps": 20,
    "forgetting_train_steps": 100,
    "noise_train_steps": 50,
    "ood_train_steps": 50,
    "output_dir": "benchmark_results",
    "figure_dpi": 300,
    "figure_format": "png"
  },
  "benchmarks": {
    "few_shot": {
      "mean": 0.8312122678743801,
      "std": 0.08179730770577542,
      "ci_lower": 0.7296637780806462,
      "ci_upper": 0.932760757668114,
      "values": [
        0.7847319775492637,
        0.8263855768331235,
        0.9077755582594271,
        0.9144971100060871,
        0.7226711167239985
      ],
      "passed": true
    },
    "forgetting": {
      "mean": 0.019621943424011527,
      "std": 0.0011020075332892135,
      "ci_lower": 0.01825383970659619,
      "ci_upper": 0.020990047141426865,
      "values": [
        0.018651492198970065,
        0.018412630623284514,
        0.020257823736452046,
        0.021048613144611702,
        0.019739157416739303
      ],
      "passed": true
    },
    "noise": {
      "mean": 1.1699662998995997,
      "std": 0.057073081403179446,
      "ci_lower": 1.099112070256556,
      "ci_upper": 1.2408205295426433,
      "values": [
        1.0740095715631137,
        1.2198220234025605,
        1.185102990405126,
        1.1677348207343707,
        1.203162093392827
      ],
      "passed": true
    },
    "ood": {
      "mean": 100.0,
      "std": 0.0,
      "ci_lower": 100.0,
      "ci_upper": 100.0,
      "values": [
        100.0,
        100.0,
        100.0,
        100.0,
        100.0
      ],
      "passed": true
    },
    "system2": {
      "mean": 0.0,
      "std": 0.0,
      "ci_lower": 0.0,
      "ci_upper": 0.0,
      "values": [
        0,
        0,
        0,
        0,
        0
      ],
      "passed": true
    }
  }
}