Benchmark,Mean,Std,CI_Lower,CI_Upper,Passed
few_shot,0.8312122678743801,0.08179730770577542,0.7296637780806462,0.932760757668114,True
forgetting,0.019621943424011527,0.0011020075332892135,0.01825383970659619,0.020990047141426865,True
noise,1.1699662998995997,0.057073081403179446,1.099112070256556,1.2408205295426433,True
ood,100.0,0.0,100.0,100.0,True
system2,0.0,0.0,0.0,0.0,True
